Time,Event,Persons
2026-04-25 19:26:31,INTRUSION DETECTED,1
2026-04-25 19:26:31,INTRUSION DETECTED,1
2026-04-25 19:26:32,INTRUSION DETECTED,1
2026-04-25 19:26:32,INTRUSION DETECTED,1
2026-04-25 19:26:32,INTRUSION DETECTED,1
2026-04-25 19:26:33,INTRUSION DETECTED,1
2026-04-25 19:26:33,INTRUSION DETECTED,1
2026-04-25 19:26:34,INTRUSION DETECTED,1
2026-04-25 19:26:34,INTRUSION DETECTED,1
2026-04-25 19:26:34,INTRUSION DETECTED,1
2026-04-25 19:26:35,INTRUSION DETECTED,1
2026-04-25 19:26:35,INTRUSION DETECTED,1
2026-04-25 19:26:36,INTRUSION DETECTED,1
2026-04-25 19:26:36,INTRUSION DETECTED,1
2026-04-25 19:26:36,INTRUSION DETECTED,1
2026-04-25 19:26:37,INTRUSION DETECTED,1
2026-04-25 19:26:37,INTRUSION DETECTED,1
2026-04-25 19:26:38,INTRUSION DETECTED,1
2026-04-25 19:26:38,INTRUSION DETECTED,1
2026-04-25 19:26:38,INTRUSION DETECTED,1
2026-04-25 19:26:39,INTRUSION DETECTED,1
2026-04-25 19:26:39,INTRUSION DETECTED,1
2026-04-25 19:26:39,INTRUSION DETECTED,1
2026-04-25 19:26:40,INTRUSION DETECTED,1
2026-04-25 19:26:40,INTRUSION DETECTED,1
2026-04-25 19:26:41,INTRUSION DETECTED,1
2026-04-25 19:26:41,INTRUSION DETECTED,1
2026-04-25 19:26:41,INTRUSION DETECTED,1
2026-04-25 19:26:42,INTRUSION DETECTED,1
2026-04-25 19:26:42,INTRUSION DETECTED,1
2026-04-25 19:26:43,INTRUSION DETECTED,2
2026-04-25 19:26:43,INTRUSION DETECTED,1
2026-04-25 19:26:44,INTRUSION DETECTED,1
2026-04-25 19:26:44,INTRUSION DETECTED,1
2026-04-25 19:26:44,INTRUSION DETECTED,1
2026-04-25 19:26:45,INTRUSION DETECTED,1
2026-04-25 19:26:45,INTRUSION DETECTED,1
2026-04-25 19:26:45,INTRUSION DETECTED,1
2026-04-25 19:26:46,INTRUSION DETECTED,1
2026-04-25 19:26:46,INTRUSION DETECTED,1
2026-04-25 19:26:47,INTRUSION DETECTED,1
2026-04-25 19:26:47,INTRUSION DETECTED,1
2026-04-25 19:26:47,INTRUSION DETECTED,2
2026-04-25 19:26:48,INTRUSION DETECTED,1
2026-04-25 19:26:48,INTRUSION DETECTED,2
2026-04-25 19:26:48,INTRUSION DETECTED,1
2026-04-25 19:26:49,INTRUSION DETECTED,1
2026-04-25 19:26:49,INTRUSION DETECTED,1
2026-04-25 19:26:50,INTRUSION DETECTED,1
2026-04-25 19:27:36,INTRUSION DETECTED,1
